{"lb":[-5,-5,-5,-1.5707963267948966,-1.5707963267948966,-1.5707963267948966,0.9],"ub":[5,5,5,1.5707963267948966,1.5707963267948966,1.5707963267948966,1.1],"particelle":200,"sub_interval":300,"dt":10,"optimal_params_all":[[-1.165329872099778,-1.6980204563612535,-2.9954422851002387,2.0181290106933717E-17,2.7694226935892093E-18,-7.1447795240262279E-18,1.0058736755803881],[1.7749067098075082,2.0411448735037605,0.75360151108683482,0.0045900785820420786,0.0019541779706168938,-0.0034136116099811181,0.98467027727472256],[-2.1781930672471539,-2.6414971977269093,-1.8587737413820771,0.0037361897425325329,0.0049875129104836151,0.0019541956862901694,1.0705591345476624],[0.48660112636971165,-0.89767981335438041,-0.10191835624091476,0.0002267847243697307,0.00018989514815056607,-0.00044432483845655273,0.927476371371017],[-3.841168592845384,4.2410305267352637,4.9977429622906744,3.682361033840743E-9,2.5793806517603926E-9,1.1276349514673119E-8,0.99166653454864606],[-0.12318278886849569,3.3221235651134675,0.35268148329075333,7.6925414638015946E-9,1.0506985864566646E-8,5.5187653850732075E-9,1.0700199953984366],[-0.5641922542591139,-0.90854450026123057,-0.4160619116613764,2.8694806276288809E-17,5.1794824135461073E-18,9.51124246672206E-18,1.0190939476871352],[4.8346265099855259,-4.7804036086092285,5,0.0081097491216640966,0.0067650266541217623,0.0010031318074241805,0.90461849254757631],[-0.25387761818540661,0.47562674188286813,-1.6979627153494814,0.00020090901629350559,-5.549274343953311E-5,-0.00013593667422670986,1.06545539004673],[0.090919939595215243,0.422059596884059,2.9911727286944996,4.166865479854552E-12,-4.1668153133530792E-12,-4.5606202766843233E-12,1.0044439278058264]],"optimal_values_all":[-0.77730708159442519,1.2278973163422526,1.1659927948449234,-0.59634457382553607,-0.7773031473465819,-0.777302946924806,-0.77730708159442519,2.5020150762688704,-0.68942173570334275,-0.7773070791788188],"execution_times_all":[1896.743401959,209.430591,250.863085833,294.348310041,1953.48212825,2375.014125542,2067.066485709,254.346440833,355.441095875,2129.065976167],"convergence_all":[[13.071169528478372,4.9285399139791464,4.9285399139791464,-0.31640918768936421,-0.41958412111701565,-0.41958412111701565,-0.45944219060430158,-0.66269819220505211,-0.67407478266168808,-0.6916636747674253,-0.76457840715108383,-0.76457840715108383,-0.76902379136293031,-0.77433100421141488,-0.776085713137889,-0.77658677540082854,-0.77697085571967039,-0.77714907450036164,-0.77715509733167376,-0.77716088591992361,-0.7772914480626496,-0.77730172773457618,-0.77730172773457618,-0.77730172773457618,-0.77730530538918052,-0.77730620079973234,-0.7773069266902275,-0.7773069266902275,-0.7773069266902275,-0.77730707542046773,-0.77730707542046773,-0.77730707542046773,-0.77730708108914748,-0.77730708141291971,-0.77730708152317207,-0.77730708152317207,-0.77730708152317207,-0.77730708157510431,-0.77730708157510431,-0.77730708158761808,-0.77730708158761808,-0.77730708158791439,-0.77730708158859985,-0.77730708159360518,-0.77730708159406,-0.77730708159430029,-0.7773070815943437,-0.77730708159441442,-0.77730708159441519,-0.777307081594422,-0.77730708159442519,-0.77730708159442519,-0.77730708159442519,-0.77730708159442519],[49.015103760905724,29.053831221204259,1.2278973163422526,1.2278973163422526,1.2278973163422526,1.2278973163422526],[33.767099318974125,5.5376327904497327,2.5995797707133077,1.1659927948449234,1.1659927948449234,1.1659927948449234,1.1659927948449234],[63.655469360843945,12.102281157977284,12.102281157977284,2.3219946168054513,-0.59634457382553607,-0.59634457382553607,-0.59634457382553607,-0.59634457382553607],[26.270469397580516,26.270469397580516,15.713654263758926,2.0037278680426187,0.5852040313717588,0.5852040313717588,-0.51292101860126627,-0.51292101860126627,-0.51292101860126627,-0.7187110272887457,-0.7187110272887457,-0.733677545736079,-0.75062981856223643,-0.75062981856223643,-0.75790469041814534,-0.77045300229741775,-0.771813537193399,-0.7730835938890892,-0.77632847626914159,-0.77706586755033769,-0.77708104640366515,-0.77710388416706566,-0.77715831968191129,-0.77721278259386473,-0.77722944615587675,-0.7772544967640328,-0.77727487645937643,-0.77728683794346842,-0.77729188150059725,-0.7773001611861633,-0.7773001611861633,-0.77730018448127736,-0.77730139115134311,-0.77730139115134311,-0.77730139115134311,-0.77730151714825124,-0.777301524197344,-0.77730152465399882,-0.77730152465399882,-0.77730152465399882,-0.777301524658992,-0.777301524658992,-0.777301524658992,-0.77730152466018509,-0.7773015246602053,-0.77730152466024061,-0.77730314094720132,-0.77730314552110014,-0.77730314716644844,-0.7773031473465819,-0.7773031473465819,-0.7773031473465819,-0.7773031473465819],[34.745594186761828,29.278796049538503,14.428101547840743,13.931483045800153,5.4694646352313123,0.5440629530184804,-0.17271006624197427,-0.17271006624197427,-0.44506751258268784,-0.714340637737155,-0.747780295590526,-0.76054896948276252,-0.76515272616167007,-0.76599724863457186,-0.77445474350751353,-0.77493618536525732,-0.77520493215062769,-0.77597241280963825,-0.77678115376625789,-0.77690863997414061,-0.777132303012337,-0.777132303012337,-0.77716777378271062,-0.77719332655846651,-0.7772006738536994,-0.7772286627004984,-0.77728034236094867,-0.77728034236094867,-0.777291503409917,-0.77729983307185591,-0.77730066435309841,-0.77730137927389775,-0.77730151408447512,-0.77730153668457791,-0.77730154833769438,-0.77730154833769438,-0.77730154833769438,-0.77730248125431878,-0.77730248125431878,-0.77730248125431878,-0.77730248155389525,-0.77730248869975671,-0.77730248957074488,-0.77730248975425686,-0.77730248976558247,-0.77730248976558247,-0.77730248976558247,-0.77730249001091278,-0.77730249034789378,-0.77730249034789378,-0.77730249035087573,-0.77730249035107546,-0.77730249035180954,-0.7773024903518615,-0.7773024903518615,-0.77730249035186438,-0.77730249035186438,-0.77730294477610629,-0.77730294690816482,-0.7773029469247017,-0.777302946924806,-0.777302946924806,-0.777302946924806,-0.777302946924806],[38.476093125247324,9.50975501872421,9.50975501872421,1.2649525934825727,1.2649525934825727,0.94572577263260027,-0.62679772213659146,-0.62679772213659146,-0.64484559428748711,-0.64484559428748711,-0.64487117729628862,-0.7501257410083646,-0.75310279351320875,-0.7579683213892523,-0.76251118607157442,-0.76251118607157442,-0.77078399688565757,-0.77200250772128942,-0.776494562133826,-0.77681138927104187,-0.77684729875145442,-0.777135635812232,-0.77720665381809484,-0.7772153219387542,-0.77723809108043407,-0.77726234864372279,-0.777274318279497,-0.77729314578338149,-0.77730482923424193,-0.77730584723696183,-0.77730705032564074,-0.77730705032564074,-0.77730705032564074,-0.7773070536273653,-0.7773070773946622,-0.7773070773946622,-0.77730708084352862,-0.77730708097116286,-0.77730708134729842,-0.7773070814323918,-0.77730708148776451,-0.7773070815762656,-0.77730708159344908,-0.77730708159406892,-0.777307081594191,-0.77730708159431761,-0.77730708159436934,-0.77730708159437156,-0.77730708159441886,-0.77730708159442374,-0.77730708159442519,-0.77730708159442519,-0.77730708159442519,-0.77730708159442519],[28.287294824825626,28.287294824825626,25.997622995185608,2.5020150762688704,2.5020150762688704,2.5020150762688704,2.5020150762688704],[78.95350897965379,50.830161991900987,29.367213856782975,16.670518063470197,12.491324695484987,0.45857106559019911,-0.68942173570334275,-0.68942173570334275,-0.68942173570334275,-0.68942173570334275],[11.157777716615644,6.7531931788785124,6.7531931788785124,1.2750600426345475,0.41264379510673477,0.41264379510673477,-0.25306147444499005,-0.351430037351782,-0.67462810727090927,-0.67462810727090927,-0.67462810727090927,-0.74576714266897937,-0.74576714266897937,-0.755530243787211,-0.76524634881596,-0.771818561287253,-0.77261664594495472,-0.77341833110009,-0.77441815644380729,-0.7769005639781742,-0.7769005639781742,-0.77718565062807976,-0.77726299301343982,-0.77730057384582363,-0.77730057384582363,-0.77730057384582363,-0.77730551313692209,