{"lb":[-5,-5,-5,-1.5707963267948966,-1.5707963267948966,-1.5707963267948966,0.9],"ub":[5,5,5,1.5707963267948966,1.5707963267948966,1.5707963267948966,1.1],"optimal_params_all":[[3.0807310659183536,-2.8149954803404951,3.2476717659596996,-0.10182183630850772,-0.26997043994138248,0.011423594556192684,0.96842084304411391],[2.8577437055607717,-3.8869962100472222,2.9462281953492937,-0.20703020098617064,-0.2074406248667553,0.051268611779478723,1.0997043524419152],[-4.0076194207935547,-2.7404448446883012,0.012414150530735135,-0.19859934443555582,-0.12784194543295779,0.30060184485815178,1.0372102866980457],[1.3232508735443291,-3.2850379017627085,-0.56149987018429215,0.14812562816629948,0.0964279457930437,-0.049481475514255191,0.9851500097510546],[-0.87451115044245942,2.4868891219567928,-0.67067603978528112,-0.056438506676473432,-0.018031241238551043,0.20391747634443802,0.93186303663861159],[2.3765862905952613,-3.7790133301872131,-4.4243223161244973,0.26908657172556971,-0.064318767666592835,0.051647530890829518,0.97717676956973243],[3.8685250549545174,0.66826441714145446,1.7482673492785858,0.041175431756168113,0.13725526172982683,0.13261523420987076,0.93241836745812634],[4.1536769250901457,0.68399630047672044,4.7044203982294626,-0.29695995836967826,-0.038724392762030435,-0.17964561020174608,1.0506403087300968],[1.9460598011411872,-2.8276930647553042,4.0395334065689994,-0.017429047804467634,0.012730026980365183,-0.013009026177313698,0.96338492457817815],[-2.59024981111019,-0.31317604122051,1.4231721487765707,-0.39741961969313633,0.06106544292888505,0.03547474075844792,1.0227541514773475]],"optimal_values_all":[59.591369086466642,62.283271451525813,85.461630663156981,45.062712851085521,56.920245906960368,64.347911270903083,49.306912725191744,77.198809423732826,7.2911918726626981,82.366519377722383],"mi_values_all":[-3.8779161715198072,-3.894915606056915,-3.8941844970482826,-3.9059039665421214,-3.906805206607924,-3.8640520791215573,-3.9071907298398205,-3.8887949130930917,-3.8922847695908409,-3.89016528032343],"rmse_values_all":[75.460845210076329,78.8257231664003,107.79867218093925,57.300024915849924,72.121941235693484,81.406522940621883,62.6052747584827,97.470145631659065,10.085623692821404,103.929783074146]}